 [    
    { "Name": "A",    
        "Salary": "21"    
    },    
    { "Name": "B",    
        "Salary": "6"    
    },    
    { "Name": "C",    
        "Salary": "17"    
    },    
    { "Name": "D",    
        "Salary": "12k"    
    },    
    { "Name": "E",    
        "Salary": "15"    
    },    
    { "Name": "F",    
        "Salary": "18"    
    } ,   
    { "Name": "G",    
        "Salary": "14"    
    } ,   
    { "Name": "H",    
        "Salary": "19"    
    }  ,  
    { "Name": "I",    
        "Salary": "11"    
    }    


   ]    